{
  "Total" : {
    "transaction" : "Total",
    "sampleCount" : 25930,
    "errorCount" : 11200,
    "errorPct" : 43.19321,
    "meanResTime" : 427.0807558812183,
    "medianResTime" : 307.0,
    "minResTime" : 3.0,
    "maxResTime" : 21578.0,
    "pct1ResTime" : 520.0,
    "pct2ResTime" : 634.0,
    "pct3ResTime" : 2310.970000000005,
    "throughput" : 194.87742187617428,
    "receivedKBytesPerSec" : 560.4431476193653,
    "sentKBytesPerSec" : 14.888038721835592
  },
  "HTTP Request" : {
    "transaction" : "HTTP Request",
    "sampleCount" : 25930,
    "errorCount" : 11200,
    "errorPct" : 43.19321,
    "meanResTime" : 427.0807558812183,
    "medianResTime" : 307.0,
    "minResTime" : 3.0,
    "maxResTime" : 21578.0,
    "pct1ResTime" : 520.0,
    "pct2ResTime" : 634.0,
    "pct3ResTime" : 2310.970000000005,
    "throughput" : 194.87742187617428,
    "receivedKBytesPerSec" : 560.4431476193653,
    "sentKBytesPerSec" : 14.888038721835592
  }
}